manager,group,source_file,topic_id,bucket,category,subcategory,page,raw_wording,why
EdRAM,Benchmark,EDRAM - Outlook 2026.pdf,equities_overall,equities,overall,overall,10-11,Notre stratégie d’investissement reste prudente et équilibrée entre actions et obligations. Elle privilégie les petites valeurs européennes au détriment des grandes capitalisations américaines liées notamment à l'IA.,Selective equity stance rather than broad-beta risk taking.
EdRAM,Benchmark,EDRAM - Outlook 2026.pdf,equities_geography_europe,equities,geography,europe,11,"Les petites capitalisations européennes devraient bénéficier du recentrage vers une croissance plus domestique, de l’union des marchés de capitaux mais aussi d’éventuelles baisses de taux de la BCE.","Europe benefits from domestic recovery, capital-markets union, and ECB easing."
EdRAM,Benchmark,EDRAM - Outlook 2026.pdf,equities_size_large_cap,equities,size,large_cap,10-11,Nous restons prudents sur les grandes capitalisations liées à l’IA (notamment les MAG7) et privilégions les petites valeurs européennes au détriment des grandes capitalisations américaines liées à l'IA.,Crowded US AI mega-caps are explicitly de-emphasized.
EdRAM,Benchmark,EDRAM - Outlook 2026.pdf,equities_size_small_cap,equities,size,small_cap,11,"Les petites capitalisations européennes devraient bénéficier du recentrage vers une croissance plus domestique, de l’union des marchés de capitaux mais aussi d’éventuelles baisses de taux de la BCE.",European small caps are presented as under-owned recovery beneficiaries.
EdRAM,Benchmark,EDRAM - Outlook 2026.pdf,equities_style_value,equities,style,value,11,Les valeurs américaines Value ont également leur place dans cette recherche de diversification. Elles pourraient tirer parti d’un possible retour à une politique économique très expansionniste aux États-Unis.,US value is part of the diversification basket.
EdRAM,Benchmark,EDRAM - Outlook 2026.pdf,fixed_income_overall,fixed_income,overall,overall,11,"Nous privilégions ainsi les dettes hybrides financières et d’entreprises, essentiellement dans un univers d’émetteurs Investment Grade, ainsi que la dette émergente, qui devrait profiter de l’assouplissement monétaire de la Fed, et enfin les stratégies de portage.",Preference for spread and carry products rather than pure sovereign duration.
EdRAM,Benchmark,EDRAM - Outlook 2026.pdf,fixed_income_credit_quality_investment_grade,fixed_income,credit_quality,investment_grade,11,"Nous privilégions ainsi les dettes hybrides financières et d’entreprises, essentiellement dans un univers d’émetteurs Investment Grade.",Investment-grade issuers are explicitly preferred.
EdRAM,Benchmark,EDRAM - Outlook 2026.pdf,fixed_income_segment_corporate_bonds,fixed_income,segment,corporate_bonds,11,"Nous privilégions ainsi les dettes hybrides financières et d’entreprises, essentiellement dans un univers d’émetteurs Investment Grade.",Financial and corporate hybrids are favored.
EdRAM,Benchmark,EDRAM - Outlook 2026.pdf,fixed_income_segment_em_debt,fixed_income,segment,em_debt,11,"Nous privilégions ainsi la dette émergente, qui devrait profiter de l’assouplissement monétaire de la Fed.",EM debt is a named beneficiary of Fed easing.
EdRAM,Benchmark,EDRAM - Outlook 2026.pdf,commodities_gold,commodities,commodity,gold,11,Les valeurs aurifères pourraient à nouveau tirer leur épingle du jeu si la recomposition au sein de la Réserve Fédérale devait se traduire par une empreinte politique plus marquée.,Gold-linked exposure is supported as a hedge against politicized Fed risk.
EdRAM,Benchmark,EDRAM - Outlook 2026.pdf,themes_ai,themes,theme,ai,10-11,"Nous restons prudents sur les grandes capitalisations liées à l’IA et privilégions plutôt le thème du Big Data, en particulier les entreprises utilisatrices qui pourront le mieux tirer parti de l’IA.",Favors AI users and Big Data while staying cautious on crowded AI leaders.
EdRAM,Benchmark,EDRAM - Outlook 2026.pdf,themes_healthcare,themes,theme,healthcare,11,"Le secteur de la santé répond également à ces caractéristiques. Longtemps pénalisé par des obstacles d’ordre politique, il voit désormais son horizon s’éclaircir et commence à reprendre des couleurs.",Healthcare is treated as a preferred and recovering theme.
EdRAM,Benchmark,EDRAM - Outlook 2026.pdf,themes_defense_sovereignty,themes,theme,defense_sovereignty,10,"Nous privilégions également les entreprises qui bénéficieront du thème de la résilience et de la souveraineté, aussi bien au niveau mondial qu’européen, la mise en œuvre du rapport Draghi étant l’un des objectifs prioritaires de la Commission européenne.","Sovereignty is an explicit preferred theme, especially in Europe."
EdRAM,Benchmark,EDRAM - Outlook 2026.pdf,themes_other,themes,theme,other,10-11,"Notre stratégie d’investissement privilégie les thématiques de la résilience, la santé et le Big Data.",Resilience and Big Data are recurring preferred themes beyond the standard buckets.
Amundi,G2 Market giants,AMUNDI - Perspectives d'investissement 2026.pdf,equities_overall,equities,overall,overall,4,"La diversification reste la meilleure défense dans un monde où les marchés actions sont concentrés et les valorisations élevées. Il convient de rééquilibrer les portefeuilles entre les styles, les secteurs, les tailles et les régions.","Constructive equity stance, but diversified beyond concentrated winners."
Amundi,G2 Market giants,AMUNDI - Perspectives d'investissement 2026.pdf,equities_geography_europe,equities,geography,europe,4,"Il convient de rééquilibrer les portefeuilles afin de saisir les opportunités, notamment sur les marchés émergents et les actifs européens.",European assets are explicitly highlighted in the diversification push.
Amundi,G2 Market giants,AMUNDI - Perspectives d'investissement 2026.pdf,equities_geography_em,equities,geography,em,4,"Il convient de rééquilibrer les portefeuilles afin de saisir les opportunités, notamment sur les marchés émergents et les actifs européens.",Emerging markets are highlighted as part of the preferred diversification set.
Amundi,G2 Market giants,AMUNDI - Perspectives d'investissement 2026.pdf,equities_size_small_cap,equities,size,small_cap,4,"La dynamique européenne se maintient. Cela peut créer des opportunités dans le crédit d’entreprise en euro, les petites et moyennes capitalisations et les thèmes liés à la défense, aux infrastructures et à l’autonomie stratégique.",European SMID exposure is explicitly favored.
Amundi,G2 Market giants,AMUNDI - Perspectives d'investissement 2026.pdf,fixed_income_credit_quality_investment_grade,fixed_income,credit_quality,investment_grade,4,"Dans ce nouveau paradigme, nous privilégions les obligations européennes et, aux États-Unis, le crédit investment grade par rapport aux bons du Trésor américain plus volatils.",Investment grade is preferred over more volatile US Treasuries.
Amundi,G2 Market giants,AMUNDI - Perspectives d'investissement 2026.pdf,fixed_income_segment_corporate_bonds,fixed_income,segment,corporate_bonds,4,La dynamique européenne se maintient. Cela peut créer des opportunités dans le crédit d’entreprise en euro.,Euro corporate credit is an explicit opportunity.
Amundi,G2 Market giants,AMUNDI - Perspectives d'investissement 2026.pdf,fixed_income_segment_em_debt,fixed_income,segment,em_debt,33,"Les obligations émergentes se distinguent pour leur revenu élevé et leur potentiel de diversification, tandis que les actions émergentes offrent un éventail diversifié d’opportunités.",EM bonds are favored for income and diversification.
Amundi,G2 Market giants,AMUNDI - Perspectives d'investissement 2026.pdf,currencies_usd,currencies,currency,usd,33,"Nous continuons de nous positionner pour un dollar faible, bien que non linéaire, en 2026.",Weak USD is an explicit FX position.
Amundi,G2 Market giants,AMUNDI - Perspectives d'investissement 2026.pdf,currencies_em_fx,currencies,currency,em_fx,33,"Les devises émergentes pourraient s’apprécier dans un contexte de dépréciation du dollar américain. Nous privilégions les devises à portage élevé en Amérique latine, dans la région CEEMEA et en Asie.",Long EM FX as the dollar weakens.
Amundi,G2 Market giants,AMUNDI - Perspectives d'investissement 2026.pdf,commodities_gold,commodities,commodity,gold,4,"Cela nécessite une prise de risque sélective et une diversification accrue dans les devises, l’or et les actifs réels.",Gold is part of the recommended diversification toolkit.
Amundi,G2 Market giants,AMUNDI - Perspectives d'investissement 2026.pdf,themes_ai,themes,theme,ai,4,Les thèmes de l’IA et de la transformation technologique stimulent la demande énergétique dans un contexte de transition vers la neutralité carbone.,AI remains a major structural growth and capex theme.
Amundi,G2 Market giants,AMUNDI - Perspectives d'investissement 2026.pdf,themes_energy_transition,themes,theme,energy_transition,4,"Les thèmes de l’IA et de la transformation technologique stimulent la demande énergétique dans un contexte de transition vers la neutralité carbone. Cela ouvre des opportunités parmi les actions liées au thème climatique, les infrastructures durables et les obligations vertes.",Energy transition and climate infrastructure are explicit opportunities.
Amundi,G2 Market giants,AMUNDI - Perspectives d'investissement 2026.pdf,themes_defense_sovereignty,themes,theme,defense_sovereignty,4,"La dynamique européenne se maintient. Cela peut créer des opportunités dans les thèmes liés à la défense, aux infrastructures et à l’autonomie stratégique.",Defense and strategic autonomy are named investment themes.
Amundi,G2 Market giants,AMUNDI - Perspectives d'investissement 2026.pdf,themes_geopolitical_risk,themes,theme,geopolitical_risk,4,Nous sommes confrontés à une ère de désordre contrôlé : un monde multipolaire remodelé par une révolution technologique et des divergences budgétaires.,Multipolar disorder is treated as a structural backdrop and source of opportunity.
Carmignac,G1 Direct peers,Carmignac - perspectives-2026-3539-12373.pdf,equities_overall,equities,overall,overall,4,"Ce cadre demeure propice aux marchés d’actions, au crédit et, plus largement, aux actifs risqués, tout en justifiant davantage de prudence à l’égard des obligations souveraines.","Constructive on risk assets, with selectivity and sovereign caution."
Carmignac,G1 Direct peers,Carmignac - perspectives-2026-3539-12373.pdf,fixed_income_overall,fixed_income,overall,overall,5,"À mesure que le cycle progresse, la sélectivité devient déterminante. Nous privilégions un portage défensif, reposant sur des émetteurs solides.",Fixed income is used for selective carry and defense.
Carmignac,G1 Direct peers,Carmignac - perspectives-2026-3539-12373.pdf,fixed_income_duration,fixed_income,duration,overall,5,"Les obligations à 30 ans émises par des pays aux finances publiques dégradées n’offrent pas une rémunération suffisante. Nous préférons les éviter, voire adopter des positions vendeuses sur ces dernières.",Long sovereign duration is explicitly avoided.
Carmignac,G1 Direct peers,Carmignac - perspectives-2026-3539-12373.pdf,fixed_income_segment_government_bonds,fixed_income,segment,government_bonds,5,"Les obligations à 30 ans émises par des pays aux finances publiques dégradées n’offrent pas une rémunération suffisante. Nous préférons les éviter, voire adopter des positions vendeuses sur ces dernières.",Nominal long-dated sovereign bonds are unattractive.
Carmignac,G1 Direct peers,Carmignac - perspectives-2026-3539-12373.pdf,fixed_income_segment_inflation_linked,fixed_income,segment,inflation_linked,5,"Ce contexte est favorable aux obligations indexées à l’inflation. Elles combinent ainsi portage, protection et convexité.",Inflation linkers are preferred for carry and protection.
Carmignac,G1 Direct peers,Carmignac - perspectives-2026-3539-12373.pdf,fixed_income_credit_quality_investment_grade,fixed_income,credit_quality,investment_grade,5,"La forte dispersion entre émetteurs, notations et secteurs permet de bâtir des portefeuilles générant un rendement moyen de 5% avec un profil investment grade assurant un équilibre efficace entre risque et rémunération attendue.",Prefers solid issuers with an investment-grade profile.
Carmignac,G1 Direct peers,Carmignac - perspectives-2026-3539-12373.pdf,currencies_jpy,currencies,currency,jpy,6,"Les couvertures les plus pertinentes se trouvent aujourd’hui dans les CDS, le yen japonais et l’or.",Yen is treated as a key hedge.
Carmignac,G1 Direct peers,Carmignac - perspectives-2026-3539-12373.pdf,currencies_em_fx,currencies,currency,em_fx,5,"Le peso chilien, le rand sud-africain et le dollar australien se distinguent par l’amélioration des termes de l’échange, la discipline budgétaire ou l’exposition aux matières premières.",Commodity- and reform-supported FX are preferred.
Carmignac,G1 Direct peers,Carmignac - perspectives-2026-3539-12373.pdf,commodities_gold,commodities,commodity,gold,6,"Les couvertures les plus pertinentes se trouvent aujourd’hui dans les CDS, le yen japonais et l’or.",Gold is a named hedge.
Carmignac,G1 Direct peers,Carmignac - perspectives-2026-3539-12373.pdf,themes_ai,themes,theme,ai,4,"L’IA et la technologie restent une tendance haussière alimentée par des forces structurelles, mais la principale inquiétude porte sur l’ampleur de l’engouement autour de ce thème très populaire.","Structural AI upside remains, but crowding and bubble risk are acknowledged."
Carmignac,G1 Direct peers,Carmignac - perspectives-2026-3539-12373.pdf,themes_healthcare,themes,theme,healthcare,4,Nous associons les leaders technologiques aux valeurs défensives des secteurs de la santé et de la consommation de base.,Healthcare is one half of the equity barbell.
Carmignac,G1 Direct peers,Carmignac - perspectives-2026-3539-12373.pdf,themes_energy_transition,themes,theme,energy_transition,5,"La fin de la Pax Americana remet la souveraineté nationale au centre des priorités industrielles, entraînant des investissements majeurs dans la défense, les infrastructures et l’électrification.",Electrification is an explicit industrial theme.
Carmignac,G1 Direct peers,Carmignac - perspectives-2026-3539-12373.pdf,themes_defense_sovereignty,themes,theme,defense_sovereignty,5,"La fin de la Pax Americana remet la souveraineté nationale au centre des priorités industrielles, entraînant des investissements majeurs dans la défense, les infrastructures et l’électrification.",Defense and sovereignty are central themes.
Carmignac,G1 Direct peers,Carmignac - perspectives-2026-3539-12373.pdf,themes_other,themes,theme,other,4,Nous associons les leaders technologiques aux valeurs défensives des secteurs de la santé et de la consommation de base.,Staples / defensive consumption is part of the barbell theme set.
UBS,G2 Market giants,UBS Year Ahead.pdf,equities_overall,equities,overall,overall,26,"We expect global equities to rise by around 15% by the end of 2026, and we think investors underallocated to stocks should add to equities.",Explicit call to add to equities.
UBS,G2 Market giants,UBS Year Ahead.pdf,equities_geography_us,equities,geography,us,26,"Our positive views on US tech and US equities are core drivers, and in the US we favor technology, utilities, and health care.",US remains the core equity engine.
UBS,G2 Market giants,UBS Year Ahead.pdf,equities_geography_europe,equities,geography,europe,27,"We upgrade European equities to Attractive, with a particular focus on the Eurozone.",Europe is explicitly upgraded to Attractive.
UBS,G2 Market giants,UBS Year Ahead.pdf,equities_geography_em,equities,geography,em,26,"Beyond the US, we also see opportunities in Europe, Japan, and China. Strong liquidity, earnings, and retail flows should sustain momentum for Chinese, Asian, and emerging market equities.",Emerging market equities are part of the preferred opportunity set.
UBS,G2 Market giants,UBS Year Ahead.pdf,equities_geography_china,equities,geography,china,26,"In Asia, we favor China, and China’s tech sector stands out as a top global opportunity.",China is singled out within Asia as a preferred equity market.
UBS,G2 Market giants,UBS Year Ahead.pdf,fixed_income_overall,fixed_income,overall,overall,41,A robust fixed income allocation provides stability and income while managing risk.,Rates coming down shift the focus back to portfolio income.
UBS,G2 Market giants,UBS Year Ahead.pdf,fixed_income_credit_quality_investment_grade,fixed_income,credit_quality,investment_grade,41,"We recommend diversifying across developed market government bonds, corporate and emerging market bonds, with quality bonds offering attractive yields.",Quality / higher-grade bonds are treated as core portfolio ballast.
UBS,G2 Market giants,UBS Year Ahead.pdf,fixed_income_duration,fixed_income,duration,overall,41,"We believe an average duration of five to seven years balances risk and return for long-term investors, especially when rates are expected to change gradually.",Prefers intermediate duration rather than an extreme duration stance.
UBS,G2 Market giants,UBS Year Ahead.pdf,fixed_income_segment_government_bonds,fixed_income,segment,government_bonds,41,We recommend diversifying across developed market government bonds for stability.,Government bonds are held for stability.
UBS,G2 Market giants,UBS Year Ahead.pdf,fixed_income_segment_corporate_bonds,fixed_income,segment,corporate_bonds,41,We recommend diversifying across corporate bonds for higher income.,Corporate bonds are part of the income allocation.
UBS,G2 Market giants,UBS Year Ahead.pdf,fixed_income_segment_em_debt,fixed_income,segment,em_debt,41,We recommend diversifying across emerging market bonds for higher income.,EM bonds are part of the diversified income mix.
UBS,G2 Market giants,UBS Year Ahead.pdf,currencies_usd,currencies,currency,usd,12,"Currency strategy matters. We favor the euro and Australian dollar over the US dollar, as US rate cuts may weigh on the greenback.",US dollar is the funding currency they prefer against.
UBS,G2 Market giants,UBS Year Ahead.pdf,currencies_eur,currencies,currency,eur,12,Currency strategy matters. We favor the euro and Australian dollar over the US dollar.,Euro is a preferred currency versus the dollar.
UBS,G2 Market giants,UBS Year Ahead.pdf,commodities_gold,commodities,commodity,gold,50,"Gold has historically been an effective portfolio hedge during market stress, inflation fears, or geopolitical uncertainty. We believe a modest allocation can enhance diversification and buffer against systemic risks.",Gold is explicitly recommended as a hedge allocation.
UBS,G2 Market giants,UBS Year Ahead.pdf,themes_ai,themes,theme,ai,12,AI and technology have been key drivers of global equity markets. Strong capex and adoption should fuel further gains in 2026.,AI remains a core growth engine.
UBS,G2 Market giants,UBS Year Ahead.pdf,themes_healthcare,themes,theme,healthcare,26,"In the US, we favor technology, utilities, and health care.",Healthcare is one of the explicitly preferred sectors.
UBS,G2 Market giants,UBS Year Ahead.pdf,themes_energy_transition,themes,theme,energy_transition,17,"Commodities are supported by long-term trends like the global energy transition. Within the asset class, we see particular opportunities in copper, aluminum, and agricultural commodities.",Energy transition and power/resource demand are explicit structural drivers.
UBS,G2 Market giants,UBS Year Ahead.pdf,themes_geopolitical_risk,themes,theme,geopolitical_risk,50,"Gold has historically been an effective portfolio hedge during market stress, inflation fears, or geopolitical uncertainty.",Geopolitical risk is a central hedge rationale rather than a pure growth theme.
UBS,G2 Market giants,UBS Year Ahead.pdf,themes_other,themes,theme,other,12,"Opportunities span AI’s enabling, intelligence, and application layers, as well as power and resources and longevity.",Longevity is a named structural theme beyond AI.
Lombard Odier,G1 Direct peers,Lombard Odier - Perspectives 2026.pdf,equities_overall,equities,overall,overall,2,"Nous abordons l’année 2026 avec un positionnement de portefeuille discipliné, ancré dans les perspectives stratégiques et affichant une diversification robuste entre régions et classes d’actifs.",Constructive but diversified equity stance.
Lombard Odier,G1 Direct peers,Lombard Odier - Perspectives 2026.pdf,equities_geography_em,equities,geography,em,2,"Sur les marchés actions, nous anticipons un élargissement des performances, les prévisions de croissance bénéficiaire au niveau mondial augurant de gains significatifs, notamment sur les marchés émergents.",Emerging markets are a named equity beneficiary of broader market participation.
Lombard Odier,G1 Direct peers,Lombard Odier - Perspectives 2026.pdf,fixed_income_overall,fixed_income,overall,overall,2,"Sur les marchés obligataires, la dette émergente offre la meilleure valeur.",Fixed income preference is led by value in EM debt.
Lombard Odier,G1 Direct peers,Lombard Odier - Perspectives 2026.pdf,fixed_income_segment_em_debt,fixed_income,segment,em_debt,2,"Sur les marchés obligataires, la dette émergente offre la meilleure valeur.",EM debt is explicitly called the best value segment.
Lombard Odier,G1 Direct peers,Lombard Odier - Perspectives 2026.pdf,currencies_usd,currencies,currency,usd,2,"La baisse des taux d’intérêt américains, l’affaiblissement du billet vert, ainsi que la trêve commerciale entre les Etats-Unis et la Chine sont autant de vents porteurs.",Weakening USD is part of the supportive asset backdrop.
Lombard Odier,G1 Direct peers,Lombard Odier - Perspectives 2026.pdf,commodities_gold,commodities,commodity,gold,2,Nous tablons sur une nouvelle progression de l’or ; notre allocation dédiée devrait continuer à apporter de la diversification.,Gold is expected to rise further and diversify portfolios.
Lombard Odier,G1 Direct peers,Lombard Odier - Perspectives 2026.pdf,commodities_industrial_metals,commodities,commodity,industrial_metals,20,"Les actions liées aux matières premières, en particulier celles du secteur des matériaux, offrent à présent une meilleure valeur et devraient bénéficier des investissements infrastructurels et de l’élargissement des dépenses liées à l’IA en 2026.",Materials and AI-linked commodity exposure benefit from infrastructure and capex.
Lombard Odier,G1 Direct peers,Lombard Odier - Perspectives 2026.pdf,themes_ai,themes,theme,ai,2,"Parallèlement, l’IA transforme les flux de capitaux. Les investisseurs font déjà preuve d’un plus grand discernement quant à l’ampleur des dépenses, et la concentration du marché ne laisse que peu de place à la complaisance.","AI remains important, but the firm stresses selectivity and valuation discipline."
Lombard Odier,G1 Direct peers,Lombard Odier - Perspectives 2026.pdf,themes_healthcare,themes,theme,healthcare,37,"La santé devient un pilier stratégique de l’investissement durable. Les infrastructures de santé, les outils de diagnostic et les plateformes de santé digitale permettent une exposition évolutive tant à l’impact qu’à la croissance.","Healthcare is treated as a strategic, investable resilience theme."
Lombard Odier,G1 Direct peers,Lombard Odier - Perspectives 2026.pdf,themes_energy_transition,themes,theme,energy_transition,34,"L’essor des infrastructures d’IA accélère l’électrification, un thème d’investissement clé dans le cadre de la transition vers la durabilité.",Electrification and decarbonization are explicit structural themes.
Lombard Odier,G1 Direct peers,Lombard Odier - Perspectives 2026.pdf,themes_defense_sovereignty,themes,theme,defense_sovereignty,2,"En Europe, la capacité de l’Allemagne à mettre en œuvre ses projets d’investissement dans les infrastructures, la technologie et la défense sera déterminante. La Chine entend profiter de sa trêve commerciale avec les Etats-Unis pour renforcer son indépendance technologique.",Defense and technological sovereignty are framed as key strategic drivers.
Lombard Odier,G1 Direct peers,Lombard Odier - Perspectives 2026.pdf,themes_other,themes,theme,other,37,"L’eau devient un enjeu géopolitique et économique majeur, et les entreprises proposant des technologies d’analyse et de purification évolutives à bas coût sont susceptibles d’attirer des capitaux liés à l’action climatique.",Water and climate adaptation form an additional thematic opportunity.
Berenberg,G1 Direct peers,Berenberg - Horizon_Q1-2026.pdf,equities_overall,equities,overall,overall,3,"Au tournant de l’année, nous maintenons notre position surpondérée en actions. Sans resserrement monétaire de la Fed ou récession, les investisseurs ne doivent pas sous-pondérer les actions.",The house view is explicitly overweight equities.
Berenberg,G1 Direct peers,Berenberg - Horizon_Q1-2026.pdf,equities_geography_europe,equities,geography,europe,6,"Europe remains robust. The eurozone is expected to continue growing steadily, and rising fiscal spending, particularly in Germany, is expected to provide further tailwinds in 2026.",Europe is supported by German fiscal stimulus and improving momentum.
Berenberg,G1 Direct peers,Berenberg - Horizon_Q1-2026.pdf,equities_size_small_cap,equities,size,small_cap,5,"We expect market breadth to pick up again next year. This would give many sectors that have been weak due to high interest rates the potential to catch up, especially small caps.",Small caps are named as catch-up beneficiaries of broader market breadth.
Berenberg,G1 Direct peers,Berenberg - Horizon_Q1-2026.pdf,fixed_income_overall,fixed_income,overall,overall,11,"Overall, we are therefore cautiously positive about the corporate bond markets for 2026. Moderate confidence extends beyond government bonds.",Constructive on credit even while cautious on sovereigns.
Berenberg,G1 Direct peers,Berenberg - Horizon_Q1-2026.pdf,fixed_income_credit_quality_investment_grade,fixed_income,credit_quality,investment_grade,11,"Corporate bonds offer interesting returns, and more cautious investors may consider covered bonds with strong credit ratings and a yield advantage over high-quality government bonds.",Higher-quality credit is treated as attractive versus sovereign bonds.
Berenberg,G1 Direct peers,Berenberg - Horizon_Q1-2026.pdf,fixed_income_credit_quality_high_yield,fixed_income,credit_quality,high_yield,11,"The high-yield segment has seen structural improvements in terms of collateralisation and interest rate sensitivity. Here, we see selective opportunities.","High yield is supported, albeit selectively."
Berenberg,G1 Direct peers,Berenberg - Horizon_Q1-2026.pdf,fixed_income_duration,fixed_income,duration,overall,10,We expect yields on ten-year German government bonds to rise moderately and yields on US Treasuries to rise somewhat more sharply. Neither German nor American government bonds are likely to generate attractive returns.,The firm is negative on duration in core sovereign markets.
Berenberg,G1 Direct peers,Berenberg - Horizon_Q1-2026.pdf,fixed_income_segment_government_bonds,fixed_income,segment,government_bonds,10,"Neither German nor American government bonds are likely to generate attractive returns. For euro investors, safe government bonds remain unattractive across the board.",Government bonds are explicitly unattractive for euro investors.
Berenberg,G1 Direct peers,Berenberg - Horizon_Q1-2026.pdf,fixed_income_segment_corporate_bonds,fixed_income,segment,corporate_bonds,11,"Overall, we are cautiously positive about the corporate bond markets for 2026. In the credit segment, temporary corrections are opportunities to selectively increase risk exposure.",Corporate credit is the preferred bond area.
Berenberg,G1 Direct peers,Berenberg - Horizon_Q1-2026.pdf,fixed_income_segment_em_debt,fixed_income,segment,em_debt,3,"In bonds, we prefer covered bonds, high-yield bonds and niche segments such as local currency bonds from frontier markets or catastrophe bonds.",The preferred bond mix includes frontier and EM-style local currency debt.
Berenberg,G1 Direct peers,Berenberg - Horizon_Q1-2026.pdf,currencies_usd,currencies,currency,usd,13,The greenback will remain under pressure in the medium term. We therefore anticipate that the EUR/USD exchange rate will move toward the 1.20 handle in 2026.,Berenberg expects continued medium-term dollar weakness.
Berenberg,G1 Direct peers,Berenberg - Horizon_Q1-2026.pdf,commodities_gold,commodities,commodity,gold,12,"The precious metal is likely to remain an important component of portfolios in an environment of ongoing geopolitical uncertainty, increased inflation volatility, fiscal dominance and continued central bank purchases.",Gold remains a strategic portfolio component.
Berenberg,G1 Direct peers,Berenberg - Horizon_Q1-2026.pdf,commodities_industrial_metals,commodities,commodity,industrial_metals,12,Incremental purchases from Europe and a recovery in demand from the US are likely to lead to a growing supply deficit for copper in 2026. The same applies to aluminium.,Industrial metals are supported by tightening supply-demand balances.
Berenberg,G1 Direct peers,Berenberg - Horizon_Q1-2026.pdf,themes_ai,themes,theme,ai,3,Artificial intelligence remains a global growth driver thanks to massive capital investments in data centres and energy infrastructure.,AI remains a central structural growth theme.
Berenberg,G1 Direct peers,Berenberg - Horizon_Q1-2026.pdf,themes_energy_transition,themes,theme,energy_transition,3,Massive investments in data centres and energy infrastructure will ensure that artificial intelligence remains a key growth driver.,Data-center and power infrastructure spending is a favored structural theme.
Berenberg,G1 Direct peers,Berenberg - Horizon_Q1-2026.pdf,themes_defense_sovereignty,themes,theme,defense_sovereignty,6,"Fiscal stimulus will boost the German economy in 2026, with additional government spending particularly in the defence sector.",Defense spending is a core European support theme.
Goldman Sachs AM,G2 Market giants,Goldman Sach - Investment-Outlook-2026_fr.pdf,equities_overall,equities,overall,overall,19,"Compte tenu du contexte actuel, il nous semble essentiel de diversifier au maximum l’exposition aux actions, d’adopter une exposition active, d’investir à l’échelle mondiale et de gérer efficacement les risques.","Constructive on equities, but through active global diversification rather than passive beta."
Goldman Sachs AM,G2 Market giants,Goldman Sach - Investment-Outlook-2026_fr.pdf,equities_geography_europe,equities,geography,europe,19,"En Europe, la priorité accordée à la sécurité nationale et économique se traduit par une augmentation des investissements dans les infrastructures et les capacités de défense.",European equities benefit from capex in defense and infrastructure.
Goldman Sachs AM,G2 Market giants,Goldman Sach - Investment-Outlook-2026_fr.pdf,equities_size_small_cap,equities,size,small_cap,9,"Sur les segments des petites et moyennes capitalisations, nous pensons que les facilitateurs, fournissant les pioches et les pelles du boom de l’IA, offrent d’excellentes opportunités.",Small and mid caps linked to AI infrastructure are explicitly attractive.
Goldman Sachs AM,G2 Market giants,Goldman Sach - Investment-Outlook-2026_fr.pdf,fixed_income_overall,fixed_income,overall,overall,9,"Les cycles d’assouplissement offrent selon nous des opportunités dans toutes les classes d’actifs. Les baisses de taux pourraient profiter aux instruments obligataires, notamment les bons du Trésor américain à court terme et les obligations Investment grade.",Easing cycles support a constructive fixed-income stance.
Goldman Sachs AM,G2 Market giants,Goldman Sach - Investment-Outlook-2026_fr.pdf,fixed_income_credit_quality_investment_grade,fixed_income,credit_quality,investment_grade,9,"Les baisses de taux pourraient profiter aux instruments obligataires, notamment les bons du Trésor américain à court terme et les obligations Investment grade, dont la composante taux est plus élevée que par le passé.",Investment-grade bonds are a primary beneficiary of rate cuts.
Goldman Sachs AM,G2 Market giants,Goldman Sach - Investment-Outlook-2026_fr.pdf,fixed_income_credit_quality_high_yield,fixed_income,credit_quality,high_yield,12,"Certains segments obligataires pourraient être intéressants, notamment les titres à haut rendement et le crédit titrisé, qui peuvent générer un revenu non-négligeable.",High yield is presented as an income-generating opportunity.
Goldman Sachs AM,G2 Market giants,Goldman Sach - Investment-Outlook-2026_fr.pdf,fixed_income_duration,fixed_income,duration,overall,9,Les baisses de taux pourraient profiter aux bons du Trésor américain à court terme.,The preferred sovereign duration exposure is on the short end.
Goldman Sachs AM,G2 Market giants,Goldman Sach - Investment-Outlook-2026_fr.pdf,fixed_income_segment_government_bonds,fixed_income,segment,government_bonds,9,Les baisses de taux pourraient profiter aux bons du Trésor américain à court terme.,Short-term Treasuries are one of the named bond opportunities.
Goldman Sachs AM,G2 Market giants,Goldman Sach - Investment-Outlook-2026_fr.pdf,fixed_income_segment_corporate_bonds,fixed_income,segment,corporate_bonds,28,"Le crédit américain IG évolue en milieu de cycle, et non en fin de cycle. Le marché à haut rendement se porte également bien, avec une amélioration de la qualité de crédit et une duration plus courte.",Corporate credit is supported by resilient fundamentals.
Goldman Sachs AM,G2 Market giants,Goldman Sach - Investment-Outlook-2026_fr.pdf,fixed_income_segment_em_debt,fixed_income,segment,em_debt,9,Les obligations en devises locales et la dette extérieure des pays émergents devraient également bénéficier de l’assouplissement de la Fed.,EM debt is a direct beneficiary of easier Fed policy.
Goldman Sachs AM,G2 Market giants,Goldman Sach - Investment-Outlook-2026_fr.pdf,currencies_usd,currencies,currency,usd,9,"Sur le front des devises, le dollar américain a enregistré des performances mitigées sur fond de baisse des taux de la Fed. Historiquement, le dollar a tendance à se raffermir ou à évoluer en dents de scie lorsque la baisse des taux de la Fed n’entraîne pas de récession.",Goldman does not have a clean one-way bearish dollar view.
Goldman Sachs AM,G2 Market giants,Goldman Sach - Investment-Outlook-2026_fr.pdf,themes_ai,themes,theme,ai,9,"L’univers d’investissement lié à l’IA devrait s’élargir et donner accès à de nouvelles opportunités. Mais la visibilité sur la rentabilité de ces investissements reste faible, ce qui rend essentielle une analyse rigoureuse des fondamentaux.","AI remains fertile, but the firm stresses valuation and monetization discipline."
Goldman Sachs AM,G2 Market giants,Goldman Sach - Investment-Outlook-2026_fr.pdf,themes_energy_transition,themes,theme,energy_transition,40,"La demande de données, alimentée par l’IA, va entraîner une accélération massive de la croissance de la demande mondiale en électricité. Les infrastructures, les obligations vertes et le financement de l’énergie durable offriront selon nous des opportunités prometteuses.","Power, infrastructure, and sustainable energy capex are explicit opportunity areas."
Goldman Sachs AM,G2 Market giants,Goldman Sach - Investment-Outlook-2026_fr.pdf,themes_geopolitical_risk,themes,theme,geopolitical_risk,48,"Les tensions géopolitiques, les engagements de l’OTAN en matière de défense et la nouvelle dynamique des projets de réindustrialisation imposent aux nations et aux entreprises de construire des chaînes d’approvisionnement résilientes et de sécuriser leurs ressources critiques.",Geopolitics is treated as both a risk source and an investment catalyst.
Goldman Sachs AM,G2 Market giants,Goldman Sach - Investment-Outlook-2026_fr.pdf,themes_defense_sovereignty,themes,theme,defense_sovereignty,48,Nous pensons que le thème de la sécurité économique va s’imposer en 2026. Les gérants actifs auront de nombreuses opportunités d’investir dans des entreprises idéalement positionnées pour profiter de cette transition.,"Economic security, defense, and national resilience are core themes."
Goldman Sachs AM,G2 Market giants,Goldman Sach - Investment-Outlook-2026_fr.pdf,themes_other,themes,theme,other,48,"Le thème de la sécurité économique va occuper une place centrale, avec des besoins d’investissement gigantesques dans la résilience des chaînes d’approvisionnement, les ressources critiques et la cybersécurité.",Supply-chain resilience and economic security are additional thematic calls.
Santander AM,G3 Regional / institutional,Santander AM -Market Outlook 2026 Climbing towards new highs.pdf,equities_overall,equities,overall,overall,5,"Equities remain at the core of our strategy for 2026. The global backdrop supports this constructive view, consolidating equities as the main growth engine in diversified portfolios.",Equities are explicitly the core of the strategy.
Santander AM,G3 Regional / institutional,Santander AM -Market Outlook 2026 Climbing towards new highs.pdf,equities_geography_europe,equities,geography,europe,5,"From near double-digit earnings growth estimates in the Eurozone to supportive domestic conditions, equities combine global macro tailwinds and local support.",Eurozone equities are supported by strong earnings expectations.
Santander AM,G3 Regional / institutional,Santander AM -Market Outlook 2026 Climbing towards new highs.pdf,equities_geography_em,equities,geography,em,5,The momentum of Latin American markets and attractive dividend yields in Emerging Asia support the constructive equity view. China may also offer tactical opportunities.,EM and LatAm are explicit parts of the positive equity mix.
Santander AM,G3 Regional / institutional,Santander AM -Market Outlook 2026 Climbing towards new highs.pdf,fixed_income_overall,fixed_income,overall,overall,6,"The path toward neutral policy rates progresses at different speeds across geographies. In the Eurozone, strong corporate fundamentals and historically attractive carry make credit a stable source of return for 2026.",Santander sees carry and normalization as fixed-income opportunities.
Santander AM,G3 Regional / institutional,Santander AM -Market Outlook 2026 Climbing towards new highs.pdf,fixed_income_credit_quality_investment_grade,fixed_income,credit_quality,investment_grade,6,We maintain a positive view on Eurozone investment-grade credit for 2026. Yields remain attractive and offer an additional premium over sovereign debt.,Eurozone IG is explicitly preferred.
Santander AM,G3 Regional / institutional,Santander AM -Market Outlook 2026 Climbing towards new highs.pdf,fixed_income_segment_government_bonds,fixed_income,segment,government_bonds,6,"The divergence in policy opens opportunities in UK and Brazilian sovereign bonds, where carry combines with our expectation of rate cuts.",Selective sovereign opportunities are part of the bond allocation.
Santander AM,G3 Regional / institutional,Santander AM -Market Outlook 2026 Climbing towards new highs.pdf,fixed_income_segment_corporate_bonds,fixed_income,segment,corporate_bonds,6,"In the Eurozone, strong corporate fundamentals and historically attractive carry make credit a stable source of return for 2026.",Corporate credit is a stable return source in the Eurozone.
Santander AM,G3 Regional / institutional,Santander AM -Market Outlook 2026 Climbing towards new highs.pdf,fixed_income_segment_inflation_linked,fixed_income,segment,inflation_linked,6,Nominal and inflation-linked UK government bonds still offer the highest yields among G7 economies.,Santander explicitly includes inflation-linked sovereign exposure in the opportunity set.
Santander AM,G3 Regional / institutional,Santander AM -Market Outlook 2026 Climbing towards new highs.pdf,commodities_gold,commodities,commodity,gold,43,We remain positive on gold. Gold remains on an upward trend and continues to be the preferred hedge against geopolitical and inflation risks.,Gold is the preferred hedge in the commodity book.
Santander AM,G3 Regional / institutional,Santander AM -Market Outlook 2026 Climbing towards new highs.pdf,commodities_oil,commodities,commodity,oil,43,"In oil, we anticipate an oversupplied market in 2026, with Brent prices in the 55–60 USD per barrel range.",Oil is capped by oversupply in the base case.
Santander AM,G3 Regional / institutional,Santander AM -Market Outlook 2026 Climbing towards new highs.pdf,commodities_industrial_metals,commodities,commodity,industrial_metals,43,"Demand linked to the energy transition and infrastructure investment should remain supportive, but rising supply and slower growth in China will likely cap the recovery potential of industrial metals.","Supportive demand exists, but the upside is capped by supply and China."
Santander AM,G3 Regional / institutional,Santander AM -Market Outlook 2026 Climbing towards new highs.pdf,themes_ai,themes,theme,ai,7,"Corporate investment in AI infrastructure, semiconductors, and the cloud is surging to record levels and is now large enough to contribute nearly half of U.S. real GDP growth.",AI capex is central to the house thematic framework.
Santander AM,G3 Regional / institutional,Santander AM -Market Outlook 2026 Climbing towards new highs.pdf,themes_energy_transition,themes,theme,energy_transition,43,Demand linked to the energy transition and infrastructure investment should remain supportive for industrial metals.,Energy transition and infrastructure remain supportive thematic drivers.
Santander AM,G3 Regional / institutional,Santander AM -Market Outlook 2026 Climbing towards new highs.pdf,themes_geopolitical_risk,themes,theme,geopolitical_risk,7,"Trade, technology, and capital are being redirected by industrial policy, tariffs, and sanctions, fragmenting global supply chains.",Geopolitics is framed as a live risk that can reprice regions and asset classes.
AllianzGI,G3 Regional / institutional,AllianzGI_Outlook_2026_EN.pdf,equities_overall,equities,overall,overall,6,"Europe, China and India offer diversified, attractively priced equity markets, alongside significant policy support. Together, these three regions form a compelling equity allocation framework for navigating the shifting global order.",Overall equity positioning favors a diversified ex-US opportunity set.
AllianzGI,G3 Regional / institutional,AllianzGI_Outlook_2026_EN.pdf,equities_geography_us,equities,geography,us,5,"We currently view US equities as richly priced. Combined with near record levels of concentration, a selective investment approach is required.",US equities are treated cautiously because of valuation and concentration risk.
AllianzGI,G3 Regional / institutional,AllianzGI_Outlook_2026_EN.pdf,equities_geography_europe,equities,geography,europe,5,"We believe European equities are, across sectors, currently more attractively priced than many US counterparts, giving them appeal in terms of both value and growth.",Europe is preferred on valuation and breadth grounds.
AllianzGI,G3 Regional / institutional,AllianzGI_Outlook_2026_EN.pdf,equities_geography_em,equities,geography,em,5,"In Asia, India currently stands out as a market with high potential due to multiple tailwinds and a broader, more diversified set of investment opportunities.",Emerging-market equity exposure is supported through India-led diversification.
AllianzGI,G3 Regional / institutional,AllianzGI_Outlook_2026_EN.pdf,equities_geography_china,equities,geography,china,5,"China’s equity market remains deep and attractively priced, as well as under-owned by foreign investors, presenting contrarian opportunities for long-term capital flows.",China is framed as a contrarian equity opportunity with policy support.
AllianzGI,G3 Regional / institutional,AllianzGI_Outlook_2026_EN.pdf,fixed_income_overall,fixed_income,overall,overall,6,This growth and inflation combination underpins an overall benign environment for fixed income and creates opportunities for selective duration and credit positioning across regions.,The fixed-income backdrop is described as benign rather than defensive only.
AllianzGI,G3 Regional / institutional,AllianzGI_Outlook_2026_EN.pdf,fixed_income_segment_em_debt,fixed_income,segment,em_debt,7,"Developed markets duration offers resilience, while emerging market debt can provide yield enhancement and diversification.",EM debt is explicitly named as a preferred diversifier and yield source.
AllianzGI,G3 Regional / institutional,AllianzGI_Outlook_2026_EN.pdf,currencies_usd,currencies,currency,usd,3,A potentially weaker dollar may prompt global investors to rethink high exposures to US assets.,The dollar is treated as a headwind to concentrated US exposure.
AllianzGI,G3 Regional / institutional,AllianzGI_Outlook_2026_EN.pdf,currencies_jpy,currencies,currency,jpy,9,"The Japanese yen could further consolidate its safe-haven status, supported by political stability and the Bank of Japan’s shift in response to higher core inflation.",JPY is framed as a scalable safe-haven diversifier.
AllianzGI,G3 Regional / institutional,AllianzGI_Outlook_2026_EN.pdf,commodities_gold,commodities,commodity,gold,9,"Gold remains a key diversification tool for us, though it may have reached near-term peak levels. We continue to hold positions.",Gold remains a core hedge even after strong performance.
AllianzGI,G3 Regional / institutional,AllianzGI_Outlook_2026_EN.pdf,themes_ai,themes,theme,ai,3,"The US and China continue to lead the AI revolution, with spillovers to other regions. A broadening of tech spend outside the US could sustain growth and usher in a truly global AI revolution.",AI is treated as a broad structural growth theme rather than a narrow US trade.
AllianzGI,G3 Regional / institutional,AllianzGI_Outlook_2026_EN.pdf,themes_energy_transition,themes,theme,energy_transition,3,"Funding the energy transition and digital infrastructure will create opportunities across asset classes, including for investors with the ability to hold long-term and illiquid assets.",Energy transition is a named multi-asset opportunity set.
AllianzGI,G3 Regional / institutional,AllianzGI_Outlook_2026_EN.pdf,themes_geopolitical_risk,themes,theme,geopolitical_risk,3,"Geopolitical risks remain elevated, particularly around Russia and East Asia.",Geopolitics is presented primarily as an elevated cross-asset risk.
AllianzGI,G3 Regional / institutional,AllianzGI_Outlook_2026_EN.pdf,themes_defense_sovereignty,themes,theme,defense_sovereignty,5,"In its quest for increased strategic autonomy, Europe is embracing a more expansive fiscal policy and significant spending initiatives, especially in Germany, on defense and military hardware.",European strategic autonomy and defense spending are explicit investable themes.
AllianzGI,G3 Regional / institutional,AllianzGI_Outlook_2026_EN.pdf,themes_other,themes,theme,other,10,"Digital infrastructure. Data centres, fibre networks and 5G connectivity form the backbone of Europe’s digital sovereignty. We continue to see opportunities, both within equity and debt, going into 2026.",Digital infrastructure is a separate structural theme beyond the standard buckets.
BNP Paribas AM,G3 Regional / institutional,BNP-Investment+Outlook+2026_EN.pdf,equities_geography_europe,equities,geography,europe,7,"European equities offer compelling value, particularly as the region pursues greater strategic autonomy, potentially offering a broadening set of opportunities for forward-looking investors.",Europe is explicitly highlighted as the better value market.
BNP Paribas AM,G3 Regional / institutional,BNP-Investment+Outlook+2026_EN.pdf,equities_geography_em,equities,geography,em,17,"Low US Treasury yields, and a weaker US dollar, are typically positive factors for emerging market equities.",EM equities benefit from the rates and dollar backdrop.
BNP Paribas AM,G3 Regional / institutional,BNP-Investment+Outlook+2026_EN.pdf,equities_geography_china,equities,geography,china,17,"Of the three countries with the largest technology sectors — South Korea, Taiwan, and China — the latter offers greater diversity. We believe China’s technology sector has the additional advantage of being somewhat protected from current trade tensions.",China is preferred within EM tech because of breadth and relative insulation.
BNP Paribas AM,G3 Regional / institutional,BNP-Investment+Outlook+2026_EN.pdf,fixed_income_overall,fixed_income,overall,overall,11-12,Fixed income markets should benefit from continued central bank easing in 2026. The core scenario is positive for credit markets notwithstanding tight credit spreads and signs of increased leverage.,"The overall bond stance is constructive, especially for credit."
BNP Paribas AM,G3 Regional / institutional,BNP-Investment+Outlook+2026_EN.pdf,fixed_income_credit_quality_high_yield,fixed_income,credit_quality,high_yield,7,"We believe opportunities exist across defensive sectors, real estate, and high yield, but a nimble approach is required.","High yield is investable, but only with explicit selectivity."
BNP Paribas AM,G3 Regional / institutional,BNP-Investment+Outlook+2026_EN.pdf,fixed_income_segment_government_bonds,fixed_income,segment,government_bonds,12,"Despite this benign rate outlook, sovereign markets will remain at risk of increased investor concern on the fiscal side.",Government bonds are constrained by fiscal-risk concerns.
BNP Paribas AM,G3 Regional / institutional,BNP-Investment+Outlook+2026_EN.pdf,fixed_income_segment_corporate_bonds,fixed_income,segment,corporate_bonds,12,Prevailing yields in credit markets are attractive and should deliver attractive income-driven total returns.,Corporate credit is preferred for carry and income.
BNP Paribas AM,G3 Regional / institutional,BNP-Investment+Outlook+2026_EN.pdf,fixed_income_segment_em_debt,fixed_income,segment,em_debt,13,High yield and emerging market bonds continue to be interesting from a total return perspective.,EM debt remains one of the more attractive total-return bond segments.
BNP Paribas AM,G3 Regional / institutional,BNP-Investment+Outlook+2026_EN.pdf,currencies_usd,currencies,currency,usd,17,"Low US Treasury yields, and a weaker US dollar, are typically positive factors for emerging market equities.",BNP assumes a softer dollar backdrop in its EM allocation logic.
BNP Paribas AM,G3 Regional / institutional,BNP-Investment+Outlook+2026_EN.pdf,themes_ai,themes,theme,ai,7,"AI’s transformative potential persists, with robust fundamentals supporting valuations and innovation driving new opportunities across sectors.",AI remains a structural earnings and innovation theme.
BNP Paribas AM,G3 Regional / institutional,BNP-Investment+Outlook+2026_EN.pdf,themes_energy_transition,themes,theme,energy_transition,30,"The technological and societal shifts underlying the transition will persist and continue to demand investors’ attention. The Asia-Pacific region is a leader in driving the global energy transition, creating potentially significant investment opportunities.",Energy transition is treated as a durable investment theme despite policy noise.
BNP Paribas AM,G3 Regional / institutional,BNP-Investment+Outlook+2026_EN.pdf,themes_defense_sovereignty,themes,theme,defense_sovereignty,37-40,"Europe now allocates billions annually to defence, industrial resilience, and key technology sectors. We believe this is a structural trend that is here to stay.",Defense and strategic autonomy are presented as long-duration investment themes.
BNP Paribas AM,G3 Regional / institutional,BNP-Investment+Outlook+2026_EN.pdf,themes_other,themes,theme,other,7,"Sustainability remains a central focus, with European and Asian investors leading the charge on green bonds, decarbonisation, and climate solutions.",Sustainability and climate solutions are explicit structural themes beyond the core taxonomy.
Generali AM,G3 Regional / institutional,GeneraliAM - Outlook_2026.pdf,equities_overall,equities,overall,overall,19,Slight OW equities. Easy financial conditions and steady GDP growth ahead are fundamentally supportive.,The house view is explicitly overweight equities.
Generali AM,G3 Regional / institutional,GeneraliAM - Outlook_2026.pdf,equities_geography_europe,equities,geography,europe,20,"OW EMU versus US, Switzerland, DAX, and MDAX.",Europe is preferred over the US in the regional equity mix.
Generali AM,G3 Regional / institutional,GeneraliAM - Outlook_2026.pdf,equities_geography_us,equities,geography,us,20,"Over longer horizons, the US market appears overvalued compared to history. We recommend diversifying towards cheaper ex-US markets.",US equities are less preferred on valuation grounds.
Generali AM,G3 Regional / institutional,GeneraliAM - Outlook_2026.pdf,equities_geography_em,equities,geography,em,20,"OW EM, still less expensive on PEG and with low positioning: Korea, Poland, China, and India.",Emerging markets are explicitly overweighted.
Generali AM,G3 Regional / institutional,GeneraliAM - Outlook_2026.pdf,equities_geography_china,equities,geography,china,20,"We suggest diversifying M7 exposure into AI beneficiaries and users, big China IT names, electrification and global nuclear.",China tech is a preferred diversifier within the equity allocation.
Generali AM,G3 Regional / institutional,GeneraliAM - Outlook_2026.pdf,fixed_income_overall,fixed_income,overall,overall,21,Our preference remains for Credit and Equities over Govies and Cash.,The asset-allocation mix clearly favors credit over sovereign safety.
Generali AM,G3 Regional / institutional,GeneraliAM - Outlook_2026.pdf,fixed_income_credit_quality_investment_grade,fixed_income,credit_quality,investment_grade,21,"EA IG corporate bonds are preferred for their attractive carry and risk-return profile, especially compared to peripheral government bonds.",Investment-grade euro credit is a preferred fixed-income sleeve.
Generali AM,G3 Regional / institutional,GeneraliAM - Outlook_2026.pdf,fixed_income_credit_quality_high_yield,fixed_income,credit_quality,high_yield,21,"HY credit and equities are still favoured, supported by resilient but unspectacular growth, easing inflation, and continued monetary policy support.",High yield remains preferred in the current carry environment.
Generali AM,G3 Regional / institutional,GeneraliAM - Outlook_2026.pdf,fixed_income_duration,fixed_income,duration,overall,21,"Government bonds are generally underweighted, with a moderately short duration recommended for euro area fixed income, as economic recovery and supply factors point to higher yields.",Duration is kept short in euro fixed income.
Generali AM,G3 Regional / institutional,GeneraliAM - Outlook_2026.pdf,fixed_income_segment_government_bonds,fixed_income,segment,government_bonds,21,Government bonds are generally underweighted.,Sovereign duration is not the preferred bond exposure.
Generali AM,G3 Regional / institutional,GeneraliAM - Outlook_2026.pdf,fixed_income_segment_corporate_bonds,fixed_income,segment,corporate_bonds,6,"Tech issuance will boost supply, putting a floor under IG spreads, but carry is attractive. We continue to prefer EUR Credit over US.","Corporate credit, especially euro credit, is preferred for carry."
Generali AM,G3 Regional / institutional,GeneraliAM - Outlook_2026.pdf,fixed_income_segment_em_debt,fixed_income,segment,em_debt,21,"We keep our preference for EM sovereign debt, as it continues to offer attractive relative valuations and positive return potential, with a small tilt to high yield names.",EM sovereign debt remains a preferred yield segment.
Generali AM,G3 Regional / institutional,GeneraliAM - Outlook_2026.pdf,currencies_usd,currencies,currency,usd,17,"The USD remains fundamentally dear, and the persistently high twin deficits are posing a lasting burden. We expect the USD to trend weaker over 2026.",Generali expects broad dollar depreciation.
Generali AM,G3 Regional / institutional,GeneraliAM - Outlook_2026.pdf,currencies_eur,currencies,currency,eur,18,"The EUR has scope to catch up with economic green shoots in the euro area. Overall, we expect the EUR/USD to trend somewhat higher.",The euro is expected to appreciate as euro-area data improves.
Generali AM,G3 Regional / institutional,GeneraliAM - Outlook_2026.pdf,currencies_jpy,currencies,currency,jpy,18,JPY remains the most undervalued G10 currency and we expect the JPY to recover from its deep undervaluation in 2026.,JPY is seen as undervalued with recovery potential.
Generali AM,G3 Regional / institutional,GeneraliAM - Outlook_2026.pdf,currencies_em_fx,currencies,currency,em_fx,16,"EM FXs will appreciate further, and we favour high yielders.",EM currencies are expected to strengthen further.
Generali AM,G3 Regional / institutional,GeneraliAM - Outlook_2026.pdf,themes_ai,themes,theme,ai,7,"A mania may be developing, but it is too early to panic and underweight equities. We like to diversify into AI users, China Tech, or the electrification theme.","AI remains investable, but Generali explicitly flags concentration and competition risk."
Generali AM,G3 Regional / institutional,GeneraliAM - Outlook_2026.pdf,themes_healthcare,themes,theme,healthcare,6,"The technological diffusion to the broader economy will support profitability, with sectors like Financials, BioTech or even retail well positioned to benefit.",Healthcare and biotech are named as AI-adoption beneficiaries.
Generali AM,G3 Regional / institutional,GeneraliAM - Outlook_2026.pdf,themes_energy_transition,themes,theme,energy_transition,7,"We like to diversify into AI users, China Tech, or the electrification theme.",Electrification is a named preferred structural theme.
Generali AM,G3 Regional / institutional,GeneraliAM - Outlook_2026.pdf,themes_defense_sovereignty,themes,theme,defense_sovereignty,20,"Overweight Financials, Defence and Software, along with Pharma, Retail, and Construction.",Defense is explicitly one of the overweight European sector calls.
DWS,G3 Regional / institutional,DWS - CEO View 2026.pdf,equities_overall,equities,overall,overall,1,"We remain optimistic and expect solid returns in the vast majority of asset classes in the coming twelve months. So long as the economic cycle remains intact, the positive momentum in equity markets should, in our view, continue.",DWS remains constructive on the overall equity backdrop.
DWS,G3 Regional / institutional,DWS - CEO View 2026.pdf,equities_geography_europe,equities,geography,europe,1,"Because of the uncertainty attached to AI, we are favoring the less technology-heavy European and Japanese equity markets over the U.S. market.",Europe is preferred as a less concentrated alternative to the US.
DWS,G3 Regional / institutional,DWS - CEO View 2026.pdf,equities_geography_japan,equities,geography,japan,1,"Because of the uncertainty attached to AI, we are favoring the less technology-heavy European and Japanese equity markets over the U.S. market.",Japan is preferred for the same diversification and valuation reasons as Europe.
DWS,G3 Regional / institutional,DWS - CEO View 2026.pdf,equities_geography_us,equities,geography,us,1,"Because of the uncertainty attached to AI, we are favoring the less technology-heavy European and Japanese equity markets over the U.S. market.",The US is relatively de-emphasized because of concentration and AI-related uncertainty.
DWS,G3 Regional / institutional,DWS - CEO View 2026.pdf,fixed_income_overall,fixed_income,overall,overall,1,"Corporate bonds remain attractive in our view, despite very low credit spreads, thanks to the supportive macro environment and high demand.",The fixed-income preference is constructive through credit rather than sovereign duration.
DWS,G3 Regional / institutional,DWS - CEO View 2026.pdf,fixed_income_credit_quality_high_yield,fixed_income,credit_quality,high_yield,1,"Corporate bonds remain attractive in our view, though we favor a selective approach in the high-yield segment.","High yield is investable, but only selectively."
DWS,G3 Regional / institutional,DWS - CEO View 2026.pdf,fixed_income_segment_corporate_bonds,fixed_income,segment,corporate_bonds,1,"Corporate bonds remain attractive in our view, despite very low credit spreads, thanks to the supportive macro environment and high demand.",Corporate bonds are the clearest preferred bond segment in the note.
DWS,G3 Regional / institutional,DWS - CEO View 2026.pdf,currencies_usd,currencies,currency,usd,1,"In our view, the U.S. dollar has partially lost its status as a safe haven and is likely to weaken over time.",DWS explicitly expects dollar weakness.
DWS,G3 Regional / institutional,DWS - CEO View 2026.pdf,commodities_gold,commodities,commodity,gold,1,"Geopolitics could weigh on equity markets, but it should boost gold and oil.",Gold is a direct beneficiary of geopolitical hedging demand.
DWS,G3 Regional / institutional,DWS - CEO View 2026.pdf,commodities_oil,commodities,commodity,oil,1,"Geopolitics could weigh on equity markets, but it should boost gold and oil. For oil, however, we currently continue to anticipate structural oversupply.",Oil has geopolitical upside but a weaker structural supply-demand backdrop.
DWS,G3 Regional / institutional,DWS - CEO View 2026.pdf,themes_ai,themes,theme,ai,1,"We also have a constructive view of the AI boom, though AI’s ability to surprise, negatively or positively, was once again demonstrated at the start of the year.","AI is supported, but DWS explicitly treats it as two-sided."
DWS,G3 Regional / institutional,DWS - CEO View 2026.pdf,themes_geopolitical_risk,themes,theme,geopolitical_risk,1,"We see three major risks: AI, sovereign debt sustainability and geopolitics.",Geopolitics is explicitly identified as a major portfolio risk.
DWS,G3 Regional / institutional,DWS - CEO View 2026.pdf,themes_other,themes,theme,other,1,"We see three major risks: AI, sovereign debt sustainability and geopolitics.",Sovereign debt sustainability is a named macro risk theme.
EFG,G1 Direct peers,EFG_outlook_2026.pdf,equities_geography_us,equities,geography,us,8,"Action for investors: within developed markets, remain focused on the US in terms of growth prospects.",EFG keeps the US as the preferred developed-market equity exposure.
EFG,G1 Direct peers,EFG_outlook_2026.pdf,equities_geography_europe,equities,geography,europe,8,In Europe the growth outlook is mixed. The lagged impact of lower European Central Bank rates will provide a tailwind to regional growth in 2026 and the German economy is expected to receive a significant boost from higher fiscal spending.,"Europe has support from rates and fiscal policy, but the view is not cleanly bullish."
EFG,G1 Direct peers,EFG_outlook_2026.pdf,equities_geography_em,equities,geography,em,8,Emerging markets with strong domestic growth prospects should remain attractive for investors.,EFG remains constructive on selective EM equity exposure.
EFG,G1 Direct peers,EFG_outlook_2026.pdf,equities_geography_china,equities,geography,china,8,"Despite structural headwinds, China is still set to be the predominant emerging economy. The rapid adoption of new technology, notably in green energy, artificial intelligence and electrification, remains an important strength.",China is still treated as the dominant EM growth and technology platform.
EFG,G1 Direct peers,EFG_outlook_2026.pdf,fixed_income_overall,fixed_income,overall,overall,11,There remains value in shorter- to mid-term duration exposure. This environment allows investors to borrow at the short end of the yield curve and invest further out to capture attractive carry opportunities.,The bond stance is constructive through carry rather than deep duration risk.
EFG,G1 Direct peers,EFG_outlook_2026.pdf,fixed_income_duration,fixed_income,duration,overall,11,There remains value in shorter- to mid-term duration exposure.,EFG prefers shorter-to-intermediate duration rather than long-duration risk.
EFG,G1 Direct peers,EFG_outlook_2026.pdf,fixed_income_segment_government_bonds,fixed_income,segment,government_bonds,13,There are several markets — notably France and the UK — for which fiscal sustainability will be questioned in 2026. Pledges to bring government finances under control may pacify the sharks for a while but when confidence evaporates bond markets will look vulnerable once again.,Government-bond exposure is constrained by fiscal-sustainability risk.
EFG,G1 Direct peers,EFG_outlook_2026.pdf,fixed_income_segment_em_debt,fixed_income,segment,em_debt,11,Look for opportunities in high-yielding emerging sovereign markets where there is the prospect of capital gains as long-term yields decline.,Local EM sovereign debt is one of the clearer preferred bond segments.
EFG,G1 Direct peers,EFG_outlook_2026.pdf,currencies_usd,currencies,currency,usd,11,"In a general environment of a stable-to-weakening US dollar, the risk of currency depreciation seems contained for 2026.",The base case assumes a softer dollar.
EFG,G1 Direct peers,EFG_outlook_2026.pdf,themes_ai,themes,theme,ai,2,"Technological advancement, most notably artificial intelligence, and the significant investment required to develop the data infrastructure of the future will be central issues. Key questions will include how these investments will be financed and what the long-term benefits will be.","AI is central, but EFG explicitly frames it with financing and payoff questions."
EFG,G1 Direct peers,EFG_outlook_2026.pdf,themes_energy_transition,themes,theme,energy_transition,8,"The rapid adoption of new technology, notably in green energy, artificial intelligence and electrification, remains an important strength.",EFG links EM and China strength to green-energy and electrification themes.
EFG,G1 Direct peers,EFG_outlook_2026.pdf,themes_geopolitical_risk,themes,theme,geopolitical_risk,16,"Continued rivalry between the US and China, the forging of new alliances and bifurcation are the key geopolitical themes we see for 2026.",Geopolitical fragmentation remains a core risk theme.
Lazard,G1 Direct peers,lazard_outlook_2026.pdf,equities_geography_us,equities,geography,us,18,"A weaker dollar, stretched equity valuations, and earnings concentrated in a narrow set of AI-linked tech firms add to the risk of US equity underperformance. Non-US equities appear better positioned for sustained outperformance.",Lazard expects the US to lose some of its exceptionalism.
Lazard,G1 Direct peers,lazard_outlook_2026.pdf,equities_geography_europe,equities,geography,europe,12,"We expect a brighter outlook for the Eurozone economy in 2026. Low interest rates and energy prices, rising real wages, and continued fiscal expansion should support growth.","Europe benefits from easing, lower energy costs, and fiscal support."
Lazard,G1 Direct peers,lazard_outlook_2026.pdf,equities_geography_em,equities,geography,em,19,"Emerging markets are particularly appealing, and they can offer AI exposure at far lower valuations. In many cases, local currency EM debt also stands out for appreciation potential.",Lazard sees stronger value and broader opportunity in EM than in crowded US markets.
Lazard,G1 Direct peers,lazard_outlook_2026.pdf,fixed_income_segment_government_bonds,fixed_income,segment,government_bonds,19,"Outside the United States, debt sustainability concerns limit the appeal of many other developed market bonds.",DM sovereign bonds are capped by debt-sustainability concerns.
Lazard,G1 Direct peers,lazard_outlook_2026.pdf,fixed_income_segment_em_debt,fixed_income,segment,em_debt,19,"In many cases, local currency EM debt stands out for appreciation potential.",EM local debt is singled out as a more attractive fixed-income segment.
Lazard,G1 Direct peers,lazard_outlook_2026.pdf,currencies_usd,currencies,currency,usd,18-19,"A weaker dollar is likely, and with global investors increasingly seeking to hedge their US dollar exposure on any US currency rally, there are also potential gains on FX in addition to share prices.",Dollar weakness is part of the non-US outperformance thesis.
Lazard,G1 Direct peers,lazard_outlook_2026.pdf,commodities_gold,commodities,commodity,gold,6-7,"Meaningful market concerns are hard to find with the exception of gold, which has rallied sharply. I believe uncertainty surrounding Fed independence was a meaningful contributor, with the effects likely to be most visible via the US dollar and gold in the near term.",Gold is the explicit hedge against Fed-credibility risk and dollar stress.
Lazard,G1 Direct peers,lazard_outlook_2026.pdf,themes_ai,themes,theme,ai,7,"I am skeptical that this AI boom will be sustained through 2026. Make no mistake: AI will be revolutionary for the global economy, but the rules of economics and finance still apply.","AI is structurally important, but Lazard questions the near-term capital cycle and payoff."
Lazard,G1 Direct peers,lazard_outlook_2026.pdf,themes_defense_sovereignty,themes,theme,defense_sovereignty,14,"Defense-Driven Growth: if higher spending is sustained and the funds are used largely for military research, development, and production of military equipment in Europe, the multiplier effects could surprise on the upside.",European defense spending is treated as a real growth and investment theme.
Anima,G3 Regional / institutional,Anima - GlobalOutlook_2026.pdf,equities_overall,equities,overall,overall,49,"Le prospettive per i mercati azionari globali restano positive: ci aspettiamo che gli indici principali registrino nuovi massimi, principalmente con il traino della crescita degli utili.",Anima remains constructive on global equities overall.
Anima,G3 Regional / institutional,Anima - GlobalOutlook_2026.pdf,equities_geography_us,equities,geography,us,49,Privilegiamo gli Stati Uniti rispetto agli altri Paesi sviluppati.,The US remains the preferred developed-market equity exposure.
Anima,G3 Regional / institutional,Anima - GlobalOutlook_2026.pdf,equities_geography_europe,equities,geography,europe,36,"Pensiamo che anche Europa e Giappone registreranno performance positive, con il sostegno dei piani di stimolo fiscale locali.",Europe is supported by local fiscal stimulus and still expected to perform positively.
Anima,G3 Regional / institutional,Anima - GlobalOutlook_2026.pdf,equities_geography_japan,equities,geography,japan,36,"Pensiamo che anche Europa e Giappone registreranno performance positive, con il sostegno dei piani di stimolo fiscale locali.",Japan is also expected to benefit from local fiscal support.
Anima,G3 Regional / institutional,Anima - GlobalOutlook_2026.pdf,equities_geography_em,equities,geography,em,39,"Manteniamo un sovrappeso sull’Asia emergente, sostenuta dall’esposizione alla tecnologia e alle catene del valore legate all’intelligenza artificiale, nonché dal probabile indebolimento del dollaro.",Anima is explicitly overweight emerging Asia.
Anima,G3 Regional / institutional,Anima - GlobalOutlook_2026.pdf,equities_style_growth,equities,style,growth,49,"Privilegiamo i comparti ciclici rispetto ai difensivi, con un bias più costruttivo sui titoli Growth.",Growth remains the preferred style tilt.
Anima,G3 Regional / institutional,Anima - GlobalOutlook_2026.pdf,fixed_income_credit_quality_investment_grade,fixed_income,credit_quality,investment_grade,49,"Corporate Euro Investment Grade: restiamo investiti, ma manteniamo un approccio cauto, privilegiando i segmenti di mercato in cui i rischi sono meglio remunerati.",Euro IG remains a core credit exposure even with tighter valuations.
Anima,G3 Regional / institutional,Anima - GlobalOutlook_2026.pdf,fixed_income_credit_quality_high_yield,fixed_income,credit_quality,high_yield,30-31,"Il credito High Yield in euro ha registrato dinamiche peculiari. Gli sviluppi restano selettivamente favorevoli, ma i rischi paiono asimmetrici e non adeguatamente remunerati.",High yield is tactical and selective rather than a broad overweight.
Anima,G3 Regional / institutional,Anima - GlobalOutlook_2026.pdf,fixed_income_segment_corporate_bonds,fixed_income,segment,corporate_bonds,27-29,Il 2025 è stato un altro anno positivo per il mondo del credito. I trend macro e di politica monetaria sono rimasti favorevoli e permane l’impostazione nella calibrazione dell’esposizione al rischio credito/tasso.,Corporate credit remains supported by resilient macro and easing policy.
Anima,G3 Regional / institutional,Anima - GlobalOutlook_2026.pdf,currencies_usd,currencies,currency,usd,39,"Manteniamo un sovrappeso sull’Asia emergente, sostenuta anche dal probabile indebolimento del dollaro.",A weaker dollar is part of the EM preference.
Anima,G3 Regional / institutional,Anima - GlobalOutlook_2026.pdf,commodities_gold,commodities,commodity,gold,41-42,"Il rally dell’oro è stato sostenuto dalle persistenti tensioni geopolitiche, dall’incertezza sul contesto macroeconomico e politico, dalla debolezza del dollaro e dalle attese di allentamento monetario negli Stati Uniti.",Gold remains supported as a macro and geopolitical hedge.
Anima,G3 Regional / institutional,Anima - GlobalOutlook_2026.pdf,themes_ai,themes,theme,ai,39,"Suggeriamo di aumentare l’esposizione ai settori legati alla tecnologia e a quelli più direttamente esposti allo sviluppo dell’intelligenza artificiale, che costituisce una delle principali leve di crescita strutturale per i mercati emergenti.",AI is treated as a core structural growth driver.
Anima,G3 Regional / institutional,Anima - GlobalOutlook_2026.pdf,themes_geopolitical_risk,themes,theme,geopolitical_risk,41-42,Le persistenti tensioni geopolitiche restano uno dei principali fattori a supporto dell’oro e di volatilità sui mercati.,Geopolitical tension remains a live portfolio risk factor.
M&G Investments,G3 Regional / institutional,M&G - investment-perspectives-outlook-26.pdf,equities_geography_us,equities,geography,us,29,"Policy volatility, trade frictions and concentration risk have prompted some institutional investors to consider diversifying away from an overweight US allocation.",M&G explicitly argues against maintaining a concentrated US overweight.
M&G Investments,G3 Regional / institutional,M&G - investment-perspectives-outlook-26.pdf,equities_geography_europe,equities,geography,europe,29,Europe’s structural reforms are reinforcing its appeal as a region combining stability with growth potential.,Europe is treated as a better-balanced equity region.
M&G Investments,G3 Regional / institutional,M&G - investment-perspectives-outlook-26.pdf,equities_geography_em,equities,geography,em,6,Investors may seek to diversify beyond expensive AI stocks and consider more attractively valued stocks in regions such as Europe and emerging markets.,Emerging markets are part of the valuation-driven diversification trade.
M&G Investments,G3 Regional / institutional,M&G - investment-perspectives-outlook-26.pdf,fixed_income_duration,fixed_income,duration,overall,11,Longer duration bonds now offer a more attractive pick up versus cash.,M&G sees more value in extending duration than earlier in the cycle.
M&G Investments,G3 Regional / institutional,M&G - investment-perspectives-outlook-26.pdf,fixed_income_segment_government_bonds,fixed_income,segment,government_bonds,7,The real (inflation-adjusted) yields available on long-dated government bonds are more attractive than they have been in many years.,Government bonds regain appeal through attractive real yields.
M&G Investments,G3 Regional / institutional,M&G - investment-perspectives-outlook-26.pdf,commodities_gold,commodities,commodity,gold,19,"Gold, while lacking cash flow, could continue to serve as tail risk insurance in an environment of reduced dollar exposure and rising central bank demand.",Gold remains a preferred hedge asset.
M&G Investments,G3 Regional / institutional,M&G - investment-perspectives-outlook-26.pdf,themes_ai,themes,theme,ai,13,"We are only at the very start of the widespread application of AI, but this is the time to let go of passive exposure to AI stocks and take a more active investment approach.","AI is important, but M&G is explicitly cautious on passive exposure and valuation euphoria."
M&G Investments,G3 Regional / institutional,M&G - investment-perspectives-outlook-26.pdf,themes_healthcare,themes,theme,healthcare,27,"The most compelling opportunities sit within transformative sectors such as climate tech, fintech, cybersecurity and health tech.",Health tech is named as one of the most compelling structural themes.
M&G Investments,G3 Regional / institutional,M&G - investment-perspectives-outlook-26.pdf,themes_energy_transition,themes,theme,energy_transition,27,The most compelling opportunities sit within sectors innovating within energy transition and leading environmental and societal change.,Energy transition remains a preferred long-duration theme.
M&G Investments,G3 Regional / institutional,M&G - investment-perspectives-outlook-26.pdf,themes_geopolitical_risk,themes,theme,geopolitical_risk,3,"Extreme volatility was all too often the prevailing backdrop: the Liberation Day tariffs crash, ongoing geopolitical conflict, a US credit rating downgrade and increasing questions about AI-led market momentum.",Geopolitics remains a live source of volatility and risk.
M&G Investments,G3 Regional / institutional,M&G - investment-perspectives-outlook-26.pdf,themes_other,themes,theme,other,28,"Capital is moving toward certainty and resilience, favouring assets that can withstand volatility and deliver sustainable growth.",Resilience is a recurring cross-asset theme in M&G’s outlook.
BlackRock,G2 Market giants,BlackRock - outlook-2026.pdf,equities_geography_us,equities,geography,us,16,"United States: We are overweight. Strong corporate earnings, driven in part by the AI theme, are supported by a favorable macro backdrop and continued Federal Reserve easing.",BlackRock remains explicitly overweight U.S. equities.
BlackRock,G2 Market giants,BlackRock - outlook-2026.pdf,equities_geography_europe,equities,geography,europe,16,"Europe: We stay selective, favoring financials, utilities and healthcare. We are neutral.","Europe is investable, but not a broad overweight."
BlackRock,G2 Market giants,BlackRock - outlook-2026.pdf,equities_geography_japan,equities,geography,japan,15-16,Japanese stocks are one of our preferred tactical and strategic exposures. We are overweight.,Japan is one of BlackRock’s clearest preferred international equity markets.
BlackRock,G2 Market giants,BlackRock - outlook-2026.pdf,equities_geography_em,equities,geography,em,15-16,"Within equities, we favor EM over DM yet get selective in both. We see opportunities across EM linked to AI and the energy transition.",EM is explicitly preferred over developed markets.
BlackRock,G2 Market giants,BlackRock - outlook-2026.pdf,equities_geography_china,equities,geography,china,16,"China: We are neutral. Trade relations with the U.S. have steadied, but property stress and an aging population still constrain the macro outlook. We still favor China tech within our neutral view.","China is not a full positive call, but BlackRock still supports China tech within a neutral country stance."
BlackRock,G2 Market giants,BlackRock - outlook-2026.pdf,fixed_income_duration,fixed_income,duration,overall,7,We turn underweight long-term Treasuries.,BlackRock remains cautious on long-duration U.S. sovereign exposure.
BlackRock,G2 Market giants,BlackRock - outlook-2026.pdf,fixed_income_segment_em_debt,fixed_income,segment,em_debt,16,"EM hard currency: We are overweight. A weaker U.S. dollar, lower U.S. rates and effective EM fiscal and monetary policy have improved economic resilience. We prefer high yield bonds.",EM hard-currency debt is explicitly overweighted.
BlackRock,G2 Market giants,BlackRock - outlook-2026.pdf,currencies_usd,currencies,currency,usd,16,"A weaker U.S. dollar has boosted local currency EM debt, though it is unclear if this weakening will persist.",The base case still embeds a softer dollar backdrop.
BlackRock,G2 Market giants,BlackRock - outlook-2026.pdf,commodities_gold,commodities,commodity,gold,15,We like gold as a tactical play with idiosyncratic drivers but do not see it as a long-term portfolio hedge.,Gold is still a positive tactical allocation even if not a strategic anchor.
BlackRock,G2 Market giants,BlackRock - outlook-2026.pdf,themes_ai,themes,theme,ai,3-6,We remain pro-risk and see the AI theme still the main driver of U.S. equities. We stay risk-on and overweight U.S. stocks on the AI theme.,AI is still BlackRock’s dominant equity theme.
BlackRock,G2 Market giants,BlackRock - outlook-2026.pdf,themes_energy_transition,themes,theme,energy_transition,"6,16",The next phase of the AI buildout may be more about energy and resolving bottlenecks. We see opportunities across EM linked to AI and the energy transition.,BlackRock explicitly ties AI deployment to energy and infrastructure demand.
BlackRock,G2 Market giants,BlackRock - outlook-2026.pdf,themes_defense_sovereignty,themes,theme,defense_sovereignty,"3,15",Fragmentation: AI and defense. We see India as a potential beneficiary of heightened geopolitical fragmentation that benefits multi-aligned connector countries.,Defense and fragmentation are treated as investable structural forces.
JP Morgan AM,G2 Market giants,JP Morgan - outlook-2026-fr.pdf,equities_overall,equities,overall,overall,2,Les actions mondiales pourraient bien clôturer l’année sur une progression à deux chiffres.,JPM starts from a broadly constructive global equity backdrop.
JP Morgan AM,G2 Market giants,JP Morgan - outlook-2026-fr.pdf,equities_geography_us,equities,geography,us,25,"Selon nous, l’économie américaine devrait profiter des effets positifs des gains de pouvoir d’achat, des baisses de taux et des investissements continus dans l’intelligence artificielle.","The U.S. remains supported by fiscal liquidity, easing, and AI investment."
JP Morgan AM,G2 Market giants,JP Morgan - outlook-2026-fr.pdf,equities_geography_europe,equities,geography,europe,2-3,L’activité devrait s’accélérer de manière significative en Europe continentale en 2026. L’énorme plan de relance budgétaire annoncé en Allemagne commencera à se répercuter dans les données économiques.,Europe is supported by German fiscal expansion and easier policy.
JP Morgan AM,G2 Market giants,JP Morgan - outlook-2026-fr.pdf,equities_geography_china,equities,geography,china,4,La reprise des valeurs technologiques et les soutiens publics ont soutenu l’ensemble du marché chinois et devraient contribuer à améliorer la confiance des consommateurs.,China improves at the margin through tech leadership and policy support.
JP Morgan AM,G2 Market giants,JP Morgan - outlook-2026-fr.pdf,fixed_income_duration,fixed_income,duration,overall,24,"Pour se prémunir contre un décrochage des actions technologiques, les investisseurs devraient envisager des obligations de haute qualité à long terme.",JPM explicitly reintroduces long high-quality bonds as protection.
JP Morgan AM,G2 Market giants,JP Morgan - outlook-2026-fr.pdf,fixed_income_segment_government_bonds,fixed_income,segment,government_bonds,24,Les investisseurs devraient envisager des obligations de haute qualité à long terme pour se protéger contre un décrochage des actions technologiques.,High-quality sovereign-like duration regains a defensive role.
JP Morgan AM,G2 Market giants,JP Morgan - outlook-2026-fr.pdf,currencies_usd,currencies,currency,usd,"5,25","Si l’indépendance de la banque centrale américaine devait réellement être remise en question, le dollar serait probablement l’actif qui en pâtirait le plus. Le dollar américain continue de chuter face à un large panier de devises.",JPM explicitly flags downside dollar risk.
JP Morgan AM,G2 Market giants,JP Morgan - outlook-2026-fr.pdf,commodities_gold,commodities,commodity,gold,24,"Un autre actif à considérer est l’or. Dans les périodes d’inflation chronique, ses propriétés de réserve de valeur en font un important atout de diversification de portefeuille.",Gold is a recommended hedge against chronic inflation and credibility risk.
JP Morgan AM,G2 Market giants,JP Morgan - outlook-2026-fr.pdf,themes_ai,themes,theme,ai,25,"Risque baissier: les actions technologiques faiblissent. L’engouement pour l’IA s’affaiblit si la demande en infrastructures a été surestimée, mais notre scénario central reste soutenu par des investissements continus dans l’IA.","AI remains a growth engine, but JPM explicitly maps a downside bubble scenario."
JP Morgan AM,G2 Market giants,JP Morgan - outlook-2026-fr.pdf,themes_defense_sovereignty,themes,theme,defense_sovereignty,2-3,Les autres pays européens ont décidé d’augmenter leur budget de défense. Les dépenses de défense peuvent améliorer la productivité si la recherche et développement débouche sur de l’innovation.,European defense spending is framed as both macro support and structural investment theme.
JP Morgan AM,G2 Market giants,JP Morgan - outlook-2026-fr.pdf,themes_geopolitical_risk,themes,theme,geopolitical_risk,2,Les tensions géopolitiques contribuent à la une des journaux et demeurent un risque potentiel de déraillement important pour les investisseurs.,Geopolitical tension remains one of the key downside scenarios.
Oddo BHF AM,G1 Direct peers,Oddo BHF - outlook 2026.pdf,equities_overall,equities,overall,overall,1,"The global economy was shaken up, but there was no apparent breakage. Global growth remained slightly above 3%.",Oddo remains broadly constructive on risk assets in its central scenario.
Oddo BHF AM,G1 Direct peers,Oddo BHF - outlook 2026.pdf,equities_geography_us,equities,geography,us,1,"Neither the tariff war, nor trade tensions, nor the legal and political noise brought the economy to its knees. The labor market weakened significantly, but AI spending continued to boom.",The U.S. remains resilient because AI spending offsets softer labor conditions.
Oddo BHF AM,G1 Direct peers,Oddo BHF - outlook 2026.pdf,equities_geography_europe,equities,geography,europe,2,"The modest recovery is expected to continue in 2026, based on a decline in household savings rates and an acceleration in the German economy thanks to Merz’s stimulus plan.","Europe is improving, but the view remains cautious because the recovery is still modest."
Oddo BHF AM,G1 Direct peers,Oddo BHF - outlook 2026.pdf,equities_geography_china,equities,geography,china,2,"The Chinese economy remains paradoxical. At the macro level, internal weaknesses are becoming more pronounced, yet in 2026 China is set to unveil a new five-year plan consolidating its ambitions for leadership.",China remains strategically ambitious but macro-fragile.
Oddo BHF AM,G1 Direct peers,Oddo BHF - outlook 2026.pdf,themes_ai,themes,theme,ai,1,The financial sphere still faces the risk of an AI bubble bursting.,Oddo explicitly treats AI exuberance as a market weak point.
Oddo BHF AM,G1 Direct peers,Oddo BHF - outlook 2026.pdf,themes_geopolitical_risk,themes,theme,geopolitical_risk,1,"Multiple geopolitical tensions could weigh on market sentiment. Europe faces triple pressure—from the United States, Russia, and China.",Geopolitical pressure is a direct downside factor for Europe and markets.
Oddo BHF AM,G1 Direct peers,Oddo BHF - outlook 2026.pdf,themes_defense_sovereignty,themes,theme,defense_sovereignty,2,"After a year of announcements and preparations, the infrastructure and defense investment plan should take shape.",Infrastructure and defense are among the few explicit positive structural themes in the note.
Candriam,G1 Direct peers,Candriam - outlook 2026.docx,equities_overall,equities,overall,overall,unpaginated,"En 2026, les marchés devront encore arbitrer entre promesses de croissance, fragilités persistantes et nécessité d’une gestion sélective.",Candriam is constructive but explicitly selective rather than broad-beta bullish.
Candriam,G1 Direct peers,Candriam - outlook 2026.docx,equities_geography_europe,equities,geography,europe,unpaginated,"Le plan ReArm Europe, la relance budgétaire allemande et l’assouplissement monétaire créeront un policy mix encore plus favorable en 2026.","Europe is supported by fiscal expansion, easier policy, and rearmament."
Candriam,G1 Direct peers,Candriam - outlook 2026.docx,equities_geography_china,equities,geography,china,unpaginated,"Pékin s’est imposée dans la bataille commerciale, mais la Chine peine encore à sortir de la déflation. Ses marchés ont rebondi, tirés par les valeurs technologiques et les soutiens publics.","China benefits from tech and policy support, but internal fragility remains."
Candriam,G1 Direct peers,Candriam - outlook 2026.docx,fixed_income_overall,fixed_income,overall,overall,unpaginated,"La sélectivité demeure essentielle tant sur le marché du crédit public que sur le privé. Le segment du crédit privé pourrait se confronter à ses limites: moindre transparence, liquidité réduite et affaiblissement des protections contractuelles.",Candriam favors credit opportunity only with clear selectivity and stress-testing.
Candriam,G1 Direct peers,Candriam - outlook 2026.docx,commodities_gold,commodities,commodity,gold,unpaginated,"L’or, longtemps perçu comme une protection, s’apparente désormais davantage à un actif spéculatif.",Gold is no longer treated as a clean hedge.
Candriam,G1 Direct peers,Candriam - outlook 2026.docx,themes_ai,themes,theme,ai,unpaginated,"L’ère de l’intelligence artificielle: entre révolution et illusion. Une nouvelle révolution industrielle est en marche, mais les valorisations interrogent et l’euphorie actuelle n’est pas sans rappeler la bulle des années 2000.","AI is transformative, but Candriam is explicit about valuation sensitivity and bubble risk."
Candriam,G1 Direct peers,Candriam - outlook 2026.docx,themes_healthcare,themes,theme,healthcare,unpaginated,"Le secteur de la santé sera l’un des grands bénéficiaires de cette transformation. Avec des valorisations raisonnables et un regain d’activité en fusions-acquisitions, la santé pourrait redevenir un pilier de performance à long terme.",Healthcare is one of Candriam’s clearest preferred themes.
Candriam,G1 Direct peers,Candriam - outlook 2026.docx,themes_energy_transition,themes,theme,energy_transition,unpaginated,"L’essor de l’IA s’accompagne d’un défi énergétique colossal. Répondre à cette demande impose d’accélérer la transition énergétique: sans énergie verte et abondante, pas de révolution durable.",Energy transition is explicitly linked to enabling AI at scale.
Candriam,G1 Direct peers,Candriam - outlook 2026.docx,themes_defense_sovereignty,themes,theme,defense_sovereignty,unpaginated,Les chaînes de valeur se redessinent au nom de la sécurité et de la souveraineté. Le plan ReArm Europe et la recomposition des alliances créent un nouveau cadre d’investissement.,"Security, sovereignty, and rearmament are treated as durable structural themes."
Candriam,G1 Direct peers,Candriam - outlook 2026.docx,themes_other,themes,theme,other,unpaginated,"L’intégration de tendances structurelles — intelligence artificielle, santé, transition énergétique, investissement à impact — renforce la robustesse des portefeuilles.",Impact and resilience are explicit portfolio-building themes beyond the base grid.
Pictet,G1 Direct peers,Pictet - Perspectives 2026.docx,equities_overall,equities,overall,overall,unpaginated,Le contexte favorable devrait soutenir la croissance mondiale en 2026 et réduire les écarts creusés par l’économie en K.,Pictet keeps a constructive cross-market baseline for 2026.
Pictet,G1 Direct peers,Pictet - Perspectives 2026.docx,equities_geography_us,equities,geography,us,unpaginated,"Aux Etats-Unis, la croissance devrait s’accélérer en début d’année dans le sillage de la fin de la paralysie budgétaire et des promesses de soutien.",The US is still supported early in 2026 by fiscal follow-through.
Pictet,G1 Direct peers,Pictet - Perspectives 2026.docx,equities_geography_europe,equities,geography,europe,unpaginated,"En Europe, la reprise s’appuiera sur le vaste programme budgétaire de l’Allemagne et sur l’intégration économique qui doit renforcer la compétitivité dans l’énergie, la finance et les communications.",Europe is supported by German stimulus and single-market deepening.
Pictet,G1 Direct peers,Pictet - Perspectives 2026.docx,equities_geography_china,equities,geography,china,unpaginated,Une accélération plus tardive est attendue en Chine. Le pays devrait tirer profit de l’atténuation des incertitudes commerciales et de la politique anti-involution menée par Pékin.,China is expected to improve later in the year with policy support.
Pictet,G1 Direct peers,Pictet - Perspectives 2026.docx,themes_defense_sovereignty,themes,theme,defense_sovereignty,unpaginated,"Les technologies spatiales et militaires recèlent un potentiel de croissance important pour l’Europe, d’autant que les investissements allemands se concentrent sur les infrastructures et la défense.",Defense and strategic autonomy are explicit European growth themes.
Pictet,G1 Direct peers,Pictet - Perspectives 2026.docx,themes_other,themes,theme,other,unpaginated,"L’Union européenne poursuit le processus d’intégration économique et a fixé à 2028 le délai d’achèvement du marché unique, afin de renforcer la compétitivité dans l’énergie, la finance et les communications.",European integration is treated as a structural theme in its own right.
